0,1,2,3,4,5,6,7,8,9,10,11,12,13,14,15,16,17,18,19,20
-210.11519,-2.6344435,0.54443544,-203.87325,-4.3449354,-0.88228226,68.09282,14.9554,11.074208,-1.7695174,6.158418,3.2812562,4.76168,54.158703,18.02243,-101.33095,158.70703,78.76341,-487.78726,-26.11525,-21.57315
-240.95609,-3.5723078,-2.6388047,-204.91928,-3.877225,-3.4841318,131.80763,15.399762,9.994871,-1.7350512,4.821977,3.1909158,2.3681664,37.872845,18.563591,-94.1603,145.83229,75.87854,-664.72626,-32.183292,-20.340353
-239.09131,-3.6132784,-0.83743083,-215.61116,-5.3287673,-2.4275255,100.97893,16.1277,10.795914,-1.516496,5.3061595,3.0003257,1.4840937,42.568474,14.386429,-119.33979,158.47665,68.3745,-511.61984,-36.372055,-20.616817
-235.15366,-3.9906723,-2.581109,-216.78795,-5.4515796,-3.9251282,98.60005,15.135187,11.535956,-1.2558725,5.2568064,3.3484678,0.61909866,42.989166,18.207808,-106.14732,150.16287,79.135086,-493.05066,-32.8171,-21.9497
-214.85042,-3.4078305,-1.837324,-209.35507,-4.3772097,-3.1556633,63.457584,14.731428,10.954795,-1.4871434,6.3405538,3.5893168,3.822987,61.25772,21.109938,-121.14012,164.61948,83.47599,-466.35678,-25.273651,-21.83375
-232.72626,-4.8665023,-3.4494004,-200.81453,-6.428534,-4.498317,114.836784,14.554374,10.167829,-1.1595472,5.7260485,3.454292,0.083227396,47.63972,21.171251,-96.93083,144.28554,77.623825,-496.09988,-31.509048,-20.682938
-208.1319,-3.3747084,-0.57477516,-201.43378,-5.2991896,-1.619019,72.895096,15.316645,10.016783,-1.5139155,5.7495074,2.8867245,2.9741378,46.98624,14.38382,-102.62566,150.23914,67.76512,-461.04544,-22.090221,-18.673033
-259.8031,-4.5111337,-1.7598484,-227.531,-5.9523993,-3.0992103,127.66602,15.569784,10.804506,-0.76132417,5.51052,3.2744737,-0.89855456,45.484547,17.85434,-98.32321,153.58968,80.41243,-510.04276,-31.003212,-18.932007
-211.34926,-4.5009894,-3.165798,-202.92859,-6.0711155,-4.0827866,70.340485,15.289414,9.577854,-1.940439,4.7757015,1.9868981,5.4318295,35.391693,8.552638,-110.89412,136.41805,56.40578,-493.41888,-34.44812,-22.404903
-221.38,-3.420324,-0.36505747,-202.14166,-5.0923862,-1.3440096,91.192825,16.136288,10.649772,-1.713915,5.476626,3.2236977,2.5382266,44.61613,17.31357,-111.40076,161.05304,74.667595,-499.99545,-26.815989,-19.354065
-258.06842,-4.648457,-1.5420758,-207.08151,-6.1078615,-2.5717516,158.87152,14.775566,9.942429,-1.8198487,4.992028,3.2324286,2.154111,37.54659,19.255053,-107.71622,134.74606,75.50911,-729.31866,-29.713903,-21.949894
-206.04442,-4.270832,-2.4192915,-207.40341,-5.6840725,-2.8959177,44.54907,14.493024,8.773233,0.09845214,5.409402,1.8273102,-1.2415379,46.52421,7.995611,-112.99059,148.37988,47.017982,-310.67905,-31.346136,-25.999844
-281.20804,-3.4796488,-2.2422085,-236.39256,-4.516321,-2.7277045,164.37741,15.197465,9.7628,-1.536701,5.922954,2.911193,1.4876122,55.616463,15.3013115,-101.8789,164.09729,65.00143,-739.2333,-35.572556,-21.574585
-213.08252,-5.9716554,-1.508561,-198.1945,-7.263935,-2.9010856,74.43326,14.244706,10.006907,-2.059301,5.8168607,3.1937609,5.4123144,49.503223,16.750446,-112.528656,140.09956,72.50778,-505.26495,-32.012283,-24.097044
-213.89894,-5.1096044,-2.3695388,-205.0645,-6.7439747,-4.0587025,75.46021,14.849521,10.147426,-1.754682,6.6136074,3.1239,3.8414226,62.40531,13.8569355,-106.47928,161.71667,59.925034,-495.63144,-26.196053,-19.16634
-234.82547,-2.3793216,-0.58815986,-220.97073,-4.0284,-1.4577096,87.25342,16.316828,11.080144,-1.6822885,5.40446,3.0587919,2.657875,42.825954,15.639753,-115.14563,160.41214,75.51753,-511.46832,-25.471098,-22.120838
-256.41714,-3.5424173,-1.2821256,-206.98859,-5.197839,-2.1303596,154.22433,15.65128,9.964707,-0.9968044,5.791761,2.8059466,-0.036293507,51.2897,14.661488,-82.01567,163.85849,69.59513,-678.0257,-29.837353,-25.933105
-209.13232,-4.484445,-2.3789935,-208.41359,-6.2873383,-3.4199178,44.089207,14.362511,10.395609,0.042260993,5.391998,2.9238157,-1.2305061,44.7979,15.966011,-114.76527,143.30453,73.94475,-307.81427,-25.076366,-23.69394
-215.47652,-4.5204735,-1.0110366,-201.99666,-6.1142488,-2.204318,74.54556,15.380484,11.173627,-1.7869,5.773945,3.3721838,3.9898949,48.669495,18.989105,-110.976036,156.43513,80.98054,-485.14908,-28.713757,-23.412613
-220.24284,-5.6339684,-2.1797085,-196.36772,-6.960829,-2.6884017,102.295715,15.451508,9.887004,-1.2697864,4.9040647,2.559641,0.6666615,37.536263,14.096233,-98.19461,143.29823,66.22832,-486.8604,-30.445656,-25.923454
-233.90611,-4.3702745,-0.8308224,-206.59006,-6.124858,-1.64895,113.32455,14.746797,10.084906,-1.094888,5.656895,2.682548,-0.020698786,48.294987,14.35268,-84.829666,148.89761,70.53789,-498.5566,-30.233854,-26.698606
-223.84346,-4.115454,-2.2388175,-212.9524,-5.183742,-3.2756171,69.78866,13.924504,10.296067,-1.9467711,5.6045947,2.803938,5.4165325,50.171757,14.809029,-123.89457,144.36154,73.63115,-508.1653,-26.587908,-23.255997
-210.69037,-2.8522568,-0.14836617,-208.81685,-3.978799,-1.1267557,43.947495,15.558446,10.908934,0.027811605,5.5818815,2.7692075,-1.1131011,46.407143,13.843227,-113.68498,157.48126,76.1184,-336.24313,-33.02055,-22.771793
-214.65471,-4.6020284,-1.1711932,-209.58519,-6.5293093,-1.8921007,68.57221,15.800299,11.372726,-1.4922026,5.4463525,2.8893645,3.21629,45.58399,13.535944,-109.46782,157.61844,73.392,-459.81302,-27.060997,-20.487312
-203.69891,-3.8196611,-1.8689902,-205.71188,-5.0984745,-2.9431267,45.34277,15.399703,9.252072,0.086681485,5.9644027,2.9320698,-1.2061292,51.849167,15.248133,-109.450516,160.90059,60.914787,-318.52127,-24.780968,-28.129244
-201.22308,-3.649403,-0.5440264,-196.73236,-4.8394365,-1.7762569,66.25267,15.203521,9.92158,-1.5004182,5.848234,3.1951644,3.4468884,50.09916,18.299644,-93.532585,155.96063,72.67314,-450.75293,-30.384308,-16.86529
-212.10057,-3.9764805,-2.004682,-211.31038,-5.1672034,-3.3039365,45.574184,15.644279,9.9554615,-0.023708567,5.8700027,3.121588,-0.9325588,52.13207,14.757732,-119.327385,165.51863,64.558495,-372.64566,-29.367235,-18.522053
-234.91933,-4.587586,-2.9410746,-207.03488,-5.8375826,-3.553871,119.75119,15.670878,9.964472,-0.90041775,4.946272,1.9008566,-0.5148361,39.46337,8.436751,-87.168365,148.44418,56.47129,-489.82394,-32.81012,-28.678637
-225.1401,-5.282139,-2.7505243,-216.58067,-6.675893,-3.8722804,77.85313,14.828011,9.174122,-1.4999307,5.544326,2.50291,2.5244923,45.913513,12.153134,-115.56409,147.85284,57.601727,-483.66943,-28.916697,-24.129921
-232.57812,-5.594341,-1.9648024,-212.588,-6.6413193,-2.9993079,97.95626,14.890868,10.655911,-1.3362706,5.3258004,2.9712589,1.0408921,43.60584,16.203264,-99.53699,144.69159,76.1596,-506.04364,-32.141792,-28.513641
-212.7575,-4.368226,-0.83163065,-200.37387,-5.0980725,-2.0994844,75.34685,14.718126,9.662358,-2.0233216,4.961408,2.4236844,5.0870094,35.870823,10.189448,-111.65351,129.3466,57.88925,-497.20688,-28.83179,-18.460392
-233.7086,-5.447907,-2.0640974,-212.46848,-6.658078,-3.0719008,98.15421,14.378656,10.468812,-1.3065879,5.4815993,3.046113,0.85013485,46.424873,17.277422,-106.023766,141.80624,74.2172,-497.83276,-34.386555,-22.698486
-209.96545,-3.5234478,0.29297858,-215.12762,-4.532571,-1.2807692,42.93371,15.778349,11.362587,0.16642672,4.620997,3.4031298,-1.2097362,32.816143,18.643963,-117.044304,137.77191,80.18215,-297.40454,-35.310226,-20.792738
-224.35838,-4.4895644,-1.4944805,-219.04825,-6.0766726,-2.29939,70.00567,15.590787,10.962886,-1.5994575,5.6019664,3.0590327,3.5926466,48.10234,15.134228,-124.43094,158.75116,70.73212,-489.67303,-28.111927,-22.212887
-222.7494,-4.2705793,-2.5686102,-195.45296,-6.128415,-3.7931128,101.91807,14.958821,10.975452,-1.5223169,5.8295503,3.5329425,1.4303575,50.56094,22.81299,-103.32454,153.86014,90.410194,-492.4441,-28.321573,-24.079105
-264.54797,-4.856962,-2.1397982,-203.96164,-5.2984405,-2.5972652,179.52081,15.088732,9.551315,-1.1685232,5.1898212,2.7430177,0.26364255,42.048023,16.984007,-68.37508,144.45276,73.448715,-710.74927,-30.230442,-24.327309
-244.51744,-4.230572,-1.2858107,-218.36363,-5.6483736,-2.0090234,106.207756,16.71891,10.994953,-1.216949,5.419269,2.8784046,0.42313433,41.95298,15.646584,-106.05024,160.23648,79.13588,-505.90094,-31.551634,-23.682934
-267.20883,-3.6998343,-2.2542598,-220.63872,-5.4884315,-3.3112454,163.30627,14.752302,9.8521,-1.8127602,4.9474034,2.8053195,2.153955,41.940144,14.850559,-120.70782,147.9063,67.596725,-729.84656,-29.409763,-25.138565
-207.02113,-2.7787552,-0.17676374,-198.26555,-3.7618175,-1.0698304,71.590096,15.13894,10.328932,-1.9216079,5.321302,2.2611277,5.0134277,43.12684,10.650696,-103.55378,148.5664,66.3144,-484.86368,-25.47432,-23.00774
-226.71361,-2.8891835,0.36024633,-210.84013,-4.344171,-0.6107572,88.35751,16.448513,10.5058775,-1.7893403,5.834277,3.1892216,3.0151525,50.932167,16.682564,-113.96535,172.33176,77.4375,-503.9976,-28.080635,-17.849646
